<beans xmlns="http://www.springframework.org/schema/beans"
	xmlns:security="http://www.springframework.org/schema/security"
	xmlns:context="http://www.springframework.org/schema/context"
	xmlns:xsi="http://www.w3.org/2001/XMLSchema-instance"
	xsi:schemaLocation="
        http://www.springframework.org/schema/beans     
        http://www.springframework.org/schema/beans/spring-beans-3.2.xsd
        http://www.springframework.org/schema/context 
        http://www.springframework.org/schema/context/spring-context-3.2.xsd
        http://www.springframework.org/schema/tx 
        http://www.springframework.org/schema/tx/spring-tx-3.2.xsd 
        http://www.springframework.org/schema/security
		http://www.springframework.org/schema/security/spring-security-5.2.xsd">
 
 	<context:component-scan base-package="co.syscoop.soberano"/>
 	
 	<!-- 
	spring security configuration
	-->
	 
	<!-- access rules for web service requests -->
	<security:http pattern="/ws/**" create-session="stateless" use-expressions="true">
		<security:intercept-url pattern='/**' access="isFullyAuthenticated()"/>
    	<security:http-basic />
	</security:http>
	
	<!-- CSRF is required to be disabled in Spring Security for ZK to function.
			ZK implement its own CSRF mechanism.
			References:
			https://tracker.zkoss.org/projects/ZKSPRING/issues/ZKSPRING-55?filter=allopenissues
			https://www.zkoss.org/_w/images/e/ea/ZK_Security_Report.pdf
			https://www.zkoss.org/wiki/ZK_Spring_Essentials/Working_with_ZK_Spring/Working_with_ZK_Spring_Security/Secure_a_ZK_Application_with_Spring_Security
			That is why this code line is disabled. -->
	
	<!-- access rules, sessions and login / logout --> 
	<security:http auto-config="true" use-expressions="true">
	
		<!-- deny all -->
		<security:intercept-url pattern="/zkau/web/**/*.zul" access="denyAll()"/>
						
		<!-- permit all -->
		<security:intercept-url pattern="/zkau/web/**/js/**" method="GET" access="permitAll()"/>
		<security:intercept-url pattern="/zkau/web/**/zul/css/**" method="GET" access="permitAll()"/>
		<security:intercept-url pattern="/zkau/web/**/img/**" method="GET" access="permitAll()"/>
		<security:intercept-url pattern="/login" access="permitAll()"/>
		<security:intercept-url pattern="/logout" access="permitAll()"/>
		<security:intercept-url pattern="/" access="permitAll()"/>
		<security:intercept-url pattern="/welcome.zul" access="permitAll()"/>
		
		<!-- authenticated access -->
 		<security:intercept-url pattern="/*" access="isFullyAuthenticated()"/>
 		<security:intercept-url pattern="/job_orders/*" access="isFullyAuthenticated()"/>
 		<security:intercept-url pattern="/receipts/*" access="isFullyAuthenticated()"/>
 		<security:intercept-url pattern="/reports/*" access="isFullyAuthenticated()"/>
 		
 		<!-- sessions -->
 		<security:session-management session-fixation-protection="migrateSession">
			<security:concurrency-control max-sessions="1"/>
		</security:session-management>
		
		<!-- login / logout -->
		<security:logout logout-url="/logout" success-handler-ref="urlLogoutSuccessHandler" invalidate-session="true" />
		<security:form-login login-processing-url="/login" username-parameter="username" password-parameter="password" authentication-failure-handler-ref="authenticationFailureHandler" authentication-success-handler-ref="authenticationSuccessHandler" login-page="/welcome.zul"/>
	
		<!-- csrf -->
		<security:csrf disabled="true"/>
	</security:http>
	
 	<security:authentication-manager alias="authenticationManager">
		<security:authentication-provider ref="ldapAuthProvider"/>
 	</security:authentication-manager>
 	<security:ldap-user-service id="ldapUserService" user-search-filter="${ldap.userSearchFilter}" server-ref="springLdapContextSource"/>
 	 	
 	<!-- 
	beans
	-->
	 	
 	<!-- spring ldap -->
 	<bean id="springLdapContextSource" class="org.springframework.ldap.core.support.LdapContextSource">
        <property name="url" value="${ldap.ldapAddress}"/>
        <property name="base" value="${ldap.base}"/>
        <property name="userDn" value="${ldap.userDn}"/>
        <property name="password" value="${ldap.password}"/>
        <property name="pooled" value="true"/>
    </bean>    
    <bean id="ldapTemplate" class="org.springframework.ldap.core.LdapTemplate">
        <constructor-arg ref="springLdapContextSource"/>
    </bean>    
    <bean id="ldapUser" class="co.syscoop.soberano.ldap.dao.LdapUserDao">
        <property name="ldapTemplate" ref="ldapTemplate"/>
   	</bean>
   	<bean  id="contextSource" class="org.springframework.security.ldap.DefaultSpringSecurityContextSource">
		<constructor-arg value="${ldap.ldapAddress}"/>
	</bean>
	<bean id="ldapAuthProvider" class="org.springframework.security.ldap.authentication.LdapAuthenticationProvider">
 		<constructor-arg>
 			<bean class="org.springframework.security.ldap.authentication.BindAuthenticator">
 				<constructor-arg ref="contextSource"/>
 				<property name="userDnPatterns">
 					<list>
 						<value>${ldap.ldapUserDnPatterns}</value>
 					</list>
 				</property>
 			</bean>
 		</constructor-arg>
 	</bean> 	 	
 	 	
 	<!-- spring transactions -->
 	<bean id="transactionManager" class="org.springframework.jdbc.datasource.DataSourceTransactionManager">
		<property name="dataSource" ref="dataSourceForLogicalModelGeneration"/>
	</bean>
	<bean id="transactionDefinition" class="org.springframework.transaction.support.DefaultTransactionDefinition">
 		<property name="timeout" value="${transactions.transactionTimeout}"/>
 		<property name="isolationLevel" value="${transactions.transactionIsolationLevel}"/>
 		<property name="propagationBehavior" value="${transactions.transactionPropagationBehavior}"/>
	</bean>
 	
 	<!-- java properties --> 	
 	<bean id="environmentVariablesConfiguration" class="co.syscoop.soberano.obf.PropObf">
	</bean>	
	<bean id="configurationEncryptor" class="org.jasypt.encryption.pbe.StandardPBEStringEncryptor">
		<property name="config" ref="environmentVariablesConfiguration"/>		
	</bean>	
	<bean id="propertyConfigurer" class="org.jasypt.spring4.properties.EncryptablePropertyPlaceholderConfigurer">
   		<constructor-arg ref="configurationEncryptor"/>
   		<property name="locations">
	     	<list>
	       		<value>classpath:soberano.properties</value>
	     	</list>
   		</property>   		
 	</bean>
 	
 	<!-- jdbc datasource with connection pooling for logical model generation. -->
 	<bean id="dataSourceForLogicalModelGeneration" class="org.apache.commons.dbcp2.BasicDataSource" destroy-method="close">
 		<property name="driverClassName">
            <value>${jdbc.driverClassName}</value> 
        </property> 
        <property name="url">
            <value>${jdbc.urlForLMGeneration}</value>
        </property> 
        <property name="username">
            <value>${jdbc.username}</value>
        </property>  
        <property name="password">
            <value>${jdbc.password}</value>
        </property>
        <property name="initialSize">
            <value>${jdbc.initialSize}</value>
        </property>
        <property name="validationQuery">
            <value>${jdbc.validationQuery}</value>
        </property>
        <property name="validationQueryTimeout">
            <value>${jdbc.validationQueryTimeout}</value>
        </property>
        <property name="maxTotal">
            <value>${jdbc.maxTotal}</value>
        </property>
        <property name="minIdle">
            <value>${jdbc.minIdle}</value>
        </property>
        <property name="maxIdle">
            <value>${jdbc.maxIdle}</value>
        </property>
        <property name="maxWaitMillis">
            <value>${jdbc.maxWaitMillis}</value>
        </property>
        <property name="timeBetweenEvictionRunsMillis">
            <value>${jdbc.timeBetweenEvictionRunsMillis}</value>
        </property>
        <property name="minEvictableIdleTimeMillis">
            <value>${jdbc.minEvictableIdleTimeMillis}</value>
        </property>
        <property name="testOnBorrow">
            <value>${jdbc.testOnBorrow}</value>
        </property>
        <property name="removeAbandonedOnBorrow">
            <value>${jdbc.removeAbandonedOnBorrow}</value>
        </property>
        <property name="removeAbandonedTimeout">
            <value>${jdbc.removeAbandonedTimeout}</value>
        </property>
    </bean>
    
    <!-- jdbc datasource with connection pooling for web application. -->
 	<bean id="dataSource" class="org.apache.commons.dbcp2.BasicDataSource" destroy-method="close">
 		<property name="driverClassName">
            <value>${jdbc.driverClassName}</value> 
        </property> 
        <property name="url">
            <value>${jdbc.url}</value>
        </property> 
        <property name="username">
            <value>${jdbc.username}</value>
        </property>  
        <property name="password">
            <value>${jdbc.password}</value>
        </property>
        <property name="initialSize">
            <value>${jdbc.initialSize}</value>
        </property>
        <property name="validationQuery">
            <value>${jdbc.validationQuery}</value>
        </property>
        <property name="validationQueryTimeout">
            <value>${jdbc.validationQueryTimeout}</value>
        </property>
        <property name="maxTotal">
            <value>${jdbc.maxTotal}</value>
        </property>
        <property name="minIdle">
            <value>${jdbc.minIdle}</value>
        </property>
        <property name="maxIdle">
            <value>${jdbc.maxIdle}</value>
        </property>
        <property name="maxWaitMillis">
            <value>${jdbc.maxWaitMillis}</value>
        </property>
        <property name="timeBetweenEvictionRunsMillis">
            <value>${jdbc.timeBetweenEvictionRunsMillis}</value>
        </property>
        <property name="minEvictableIdleTimeMillis">
            <value>${jdbc.minEvictableIdleTimeMillis}</value>
        </property>
        <property name="testOnBorrow">
            <value>${jdbc.testOnBorrow}</value>
        </property>
        <property name="removeAbandonedOnBorrow">
            <value>${jdbc.removeAbandonedOnBorrow}</value>
        </property>
        <property name="removeAbandonedTimeout">
            <value>${jdbc.removeAbandonedTimeout}</value>
        </property>
    </bean>
    
    <!-- soberano beans -->
  	<bean name="authenticationFailureHandler" class="co.syscoop.soberano.spring.AuthenticationFailureHandlerImpl"/>
	<bean name="authenticationSuccessHandler" class="co.syscoop.soberano.spring.AuthenticationSuccessHandlerImpl"/>
	<bean id="soberanoProperties" class="co.syscoop.soberano.beans.WebApplicationProperties">
		<property name="vocabulary">
			<value>${vocabulary}</value>
		</property>
	</bean>
	<bean name="urlLogoutSuccessHandler" class="co.syscoop.soberano.spring.LogoutSuccessHandlerImpl"/>
	
	<!-- conceptual model processing beans -->
	<bean name="PortableFormatORMModelFileParser" class="${rules.PortableFormatORMModelFileParser}"/>
 	<bean name="LogicalModelGenerator" class="${rules.LogicalModelGenerator}">
 		<constructor-arg ref="dataSourceForLogicalModelGeneration"/>
 		<constructor-arg ref="transactionManager"/>
 		<constructor-arg ref="transactionDefinition"/>
 		<constructor-arg value="${rules.metamodelFileName}"/>
 	</bean>
 	<bean name="ORMConceptualModel" class="co.syscoop.soberano.rules.enforcer.ORMConceptualModel">
 		<constructor-arg ref="PortableFormatORMModelFileParser"/>
 		<constructor-arg ref="LogicalModelGenerator"/>
 		<constructor-arg value="${rules.soberanoInstanceConceptualModelFileName}"/> 		
 	</bean>
 	<bean id="soberanoDatasource" class="co.syscoop.soberano.beans.SoberanoDatasource">
 		<constructor-arg ref="dataSource"/>
 	</bean>
</beans>