<?xml version="1.0" encoding="UTF-8"?>

<zk xmlns="http://www.zkoss.org/2005/zk/config" 
	xmlns:xsi="http://www.w3.org/2001/XMLSchema-instance" 
	xsi:schemaLocation="http://www.zkoss.org/2005/zk/config https://www.zkoss.org/2005/zk/config/zk.xsd">
	
	<client-config>
		<!-- TODO: do not debug in production -->
		<debug-js>false</debug-js>
	</client-config>
	
	<device-config>
		<device-type>ajax</device-type>		
	</device-config>
	<session-config>
		<timeout-uri>/timeout.zul</timeout-uri>
	</session-config>
	<listener>
    	<listener-class>co.syscoop.soberano.locale.LocaleProvider</listener-class>
  	</listener>
  	<listener>
    	<listener-class>co.syscoop.soberano.initialization.SoberanoInit</listener-class>
  	</listener>
  	<listener>
    	<listener-class>co.syscoop.soberano.initialization.SoberanoSessionInit</listener-class>
  	</listener>
  	  	  	
  	<!-- encoding of the label properties files -->
  	<library-property>
      	<name>org.zkoss.util.label.web.charset</name>
      	<value>ISO-8859-1</value>
	</library-property>	
	
	<!-- to avoid reusing of component uuid -->
	<library-property>
        <name>org.zkoss.zk.ui.uuidRecycle.disabled</name>
        <value>true</value>
    </library-property>
</zk>